Organization,Followed On
DataLemur üêí (Ace the SQL Interview),Wed Oct 19 04:50:21 UTC 2022
ANALYTICSWITHANAND,Sat Oct 08 14:41:22 UTC 2022
Apidel Technologies,Tue Aug 30 19:50:20 UTC 2022
Voltaware,Tue Jun 21 08:49:19 UTC 2022
Mu Sigma Inc.,Wed Jun 15 08:37:40 UTC 2022
Tiger Analytics,Wed Jun 15 08:35:31 UTC 2022
Knowledgist,Sat Jun 11 16:34:36 UTC 2022
Cognizant,Thu Jun 09 17:25:26 UTC 2022
Vahan,Mon Jun 06 12:39:14 UTC 2022
HQ,Sat May 07 05:24:26 UTC 2022
EXL,Sat May 07 03:45:50 UTC 2022
Shell,Fri Apr 29 17:57:25 UTC 2022
Sapaad Pte Ltd,Fri Apr 29 17:55:11 UTC 2022
Floating Minds Infotech,Fri Apr 29 17:52:22 UTC 2022
Relevel by Unacademy,Wed Mar 02 17:18:32 UTC 2022
Cactus Communications,Tue Mar 01 09:31:50 UTC 2022
Paperpedia Pvt Ltd.,Mon Feb 28 06:50:51 UTC 2022
UDEN,Sat Feb 26 18:52:40 UTC 2022
Kendriya vidyalaya ,Sat Aug 07 07:15:22 UTC 2021
Tata Consultancy Services,Tue Jun 16 16:01:00 UTC 2020
Infosys,Tue Jun 16 16:00:57 UTC 2020
ITC Limited,Tue Jun 16 16:00:53 UTC 2020
L&T Technology Services,Tue Jun 16 16:00:50 UTC 2020
Microsoft,Tue Jun 16 16:00:49 UTC 2020
Wipro,Tue Jun 16 16:00:48 UTC 2020
Tata Motors,Tue Jun 16 16:00:48 UTC 2020
IBM,Tue Jun 16 16:00:46 UTC 2020
ICICI Bank,Tue Jun 16 16:00:45 UTC 2020
Aditya Birla Group,Tue Jun 16 16:00:45 UTC 2020
Internshala,Tue Jun 16 16:00:41 UTC 2020
Fresher Jobs,Tue Jun 16 16:00:36 UTC 2020
Gauhati University,Tue Jun 16 15:57:12 UTC 2020